Method,Task Clock (msec),Context Switches,CPU Migrations,Page Faults,Instructions,Cycles,Stalled Cycles Frontend,Branches,Branch Misses,L1-dcache Load Misses,Backend Bound,Sched Wakeup,Sched Wakeup New,Elapsed Time (s)
async,3170.54,194,18,4343,14323216904,15034261739,7817991272,2529386698,307365771,137219991,14995432770,25,55,0.123323
double,3365.61,110,7,7284,18251638515,16109749342,8362221234,3367745081,324066884,195581425,16072489984,37,47,0.354279
fifo,3143.52,471,35,5058,14126681307,14850265449,7883428952,2495348465,299231284,178760742,14840293957,178,95,0.119335
lifo,3152.93,497,40,5057,14283386206,14875003644,7906296293,2499677608,301023232,175452882,14880407577,184,95,0.120079
openBLAS,4161.20,103,7,8976,17834230901,19761351499,10570792306,3683338326,407078116,74298495,19767397178,34,47,0.23860
openMP,9799.84,19816,117,5355,39931443148,46500259486,8952787155,9526244257,327809724,368850975,46463649218,208,94,0.21978
parallel_standard,3168.08,214,19,4343,14218779384,15001427457,7814322362,2530343819,305611969,143075566,14972968999,26,55,0.122801
single,3247.15,124,9,4207,14794342360,15160890995,8170562985,2600501402,317443537,142892057,15128058631,34,47,0.22928
tbb,3123.79,2514,76,5478,14105074807,14770077774,7644554870,2443826928,294322881,156968443,14732968953,130,94,0.102864
