Method,Task Clock (msec),Context Switches,CPU Migrations,Page Faults,Instructions,Cycles,Stalled Cycles Frontend,Branches,Branch Misses,L1-dcache Load Misses,Backend Bound,Sched Wakeup,Sched Wakeup New,Elapsed Time (s)
async,16708.11,167,34,50924,239470806723,79712497154,9189906545,15713059353,350252549,7807846754,79673918633,64,79,1.25390
double,16078.64,227,6,99536,313093898868,80428780654,10239430805,34657917060,410870724,10735743654,80405200003,137,47,13.1103
fifo,17978.52,272,105,51199,238455209969,85644898542,9234887153,15711004192,351448937,7866561961,85620319395,140,95,1.3594
lifo,17950.51,270,107,51201,238420497222,85670002883,9242838136,15713122503,350760538,7897679989,85632419593,124,95,1.3323
openBLAS,13679.44,250,19,105738,103520433771,65905897863,18778842535,18060182840,746168917,1969977483,65919548697,110,47,3.54623
openMP,111442.23,1042,154,51475,631646818043,530783219022,13067147418,86661369447,473787122,29662799754,530753307285,616,94,3.0756
parallel_standard,16570.34,166,30,50925,238413730834,78961823274,9195439929,15710559989,351683026,7839061885,78924641039,72,79,1.29009
single,12808.02,191,7,50381,237294915570,66288565866,9161269204,15714459246,351226161,7656156800,66250244671,105,47,9.82167
tbb,24316.33,569,119,51702,239033590787,115773021062,9332257774,15716356544,353306153,7660995678,115721776759,163,94,1.24531
