Method,Task Clock (msec),Context Switches,CPU Migrations,Page Faults,Instructions,Cycles,Stalled Cycles Frontend,Branches,Branch Misses,L1-dcache Load Misses,Backend Bound,Sched Wakeup,Sched Wakeup New,Elapsed Time (s)
async,1430.31,239,12,3794,7264135631,6018262098,1295444574,1070719575,98899802,168359364,5983011009,83,23,0.16732
double,1772.15,134,6,6732,11645943439,7661581335,1578328692,1944327946,127539109,216400601,7661155611,48,15,0.53148
fifo,1416.98,328,18,3933,7599187483,5923144450,1308233886,1066035573,100669967,174474089,5912977413,121,31,0.16356
lifo,1406.6,386,17,3934,7701963526,5856165613,1281843453,1056129091,101096708,169390449,5850446290,129,31,0.1607
openBLAS,1970.91,4233,20,7881,9368825989,8283376922,1953947814,1840591526,153478565,67747811,8280520839,1293,15,0.35457
openMP,5378.3,12017,58,4030,20576653993,22085182598,2166923115,4204490149,131015009,454616455,22085940398,3527,30,0.39151
parallel_standard,1416.45,273,11,3793,7447362404,5954512169,1291597049,1066039033,100079309,165497336,5937082724,71,23,0.16683
single,1515.35,159,6,3663,8246531838,6510720916,1501014233,1198849904,122489221,144485112,6506690448,95,15,0.29073
tbb,1690.1,533,59,20570,10505373807,7144552943,1459054129,1277052754,114230880,151234315,7138507597,152,30,0.20669
