Method,Task Clock (msec),Instructions,Branches,Branch Misses,Cycles,Backend Bound,Stalled Cycles Frontend,Elapsed Time (s),Cache Misses
async,253.847578,4844409276,444961560,796405,4033801247,5199100602,8053751110,0.25294,4159998
double,1107.318009,8378923144,1203990590,3241495,6047268813,9210657005,11970974098,1.10718,7220947
fifo,253.509564,4877277714,448865531,776130,4110465631,5244651346,8241145104,0.25337,4083440
lifo,255.117747,4845541862,443428096,804240,3988879719,5129627607,8031588158,0.25498,4493704
openBLAS,725.723133,5524312819,961471385,3651252,5596289493,6847817790,11185514174,0.72558,6582643
openMP,490.233685,12057470705,1846415099,9804980,12429273016,12182133054,24877812888,0.4901,5168305
parallel_standard,250.977818,4822473996,440638167,731021,3965525865,5097388287,7904316054,0.25084,4398743
single,507.035037,5063280243,483325290,889896,3902517977,5556935777,7691944490,0.50547,3395788
