Method,Task Clock (msec),Instructions,Branches,Branch Misses,Cycles,Backend Bound,Stalled Cycles Frontend,Elapsed Time (s),Cache Misses
async,8804.169253,229763897263,13517497099,11570225,160609256842,221324486327,321152005016,8.8040,252760318
double,38995.133680,303271726475,32311743834,63301189,137389183967,296205154320,274825875342,38.995,727337965
fifo,8591.223774,228929308421,13527224709,11417276,161380636397,220975585610,322711250836,8.5911,323094831
lifo,8702.359436,228928242082,13530810320,11601169,161198692659,221007182995,322425643348,8.7022,334841226
openBLAS,12890.905935,100665256833,13566536279,59997702,78334256975,113165089936,156755023388,12.8908,827204774
openMP,20571.687955,586676979454,73885803015,555357997,444250164976,532874158340,888457661788,20.572,242343968
parallel_standard,8449.609051,228721056582,13519416203,11977491,162407402234,220993523705,324750616832,8.4495,465518272
single,27415.108096,227578043799,13482171292,9598444,97986278982,219320940552,196020208488,27.4150,211843704
tbb,8584.243141,223846029254,12805449108,15127394,159023875947,216116147449,317971428390,8.5841,704685215
