Method,Task Clock (msec),Instructions,Branches,Branch Misses,Cycles,Backend Bound,Stalled Cycles Frontend,Elapsed Time (s),Cache Misses
async,246.721918,4811469900,439002586,762585,3972247764,5199100602,8053751110,0.135571,4275975
double,1110.532722,8376788106,1206309319,3277722,6062334292,9210657005,11970974098,0.465523,7135822
fifo,246.842644,4799547814,439630787,719273,3996820917,5244651346,8241145104,0.136715,4287075
lifo,258.877008,4853595301,449883901,815608,4155100434,5129627607,8031588158,0.143566,4369269
openBLAS,724.549241,5516901171,964287425,3635424,5612362565,6847817790,11185514174,0.022019,6881420
openMP,502.160725,12128080875,1864706202,9900279,12675698874,12182133054,24877812888,0.327741,5347955
parallel_standard,254.716818,4824726522,444013201,803499,4013983440,5097388287,7904316054,0.139769,4318585
single,510.172783,5056303302,482494409,875706,3881635794,5556935777,7691944490,0.396767,3485635
